{
    "display":{
        "icon":{"item":"minecraft:dragon_head"},
        "title":{"text":"屠龙者"},
        "description":{"text":"成为击败末影龙的人"},
        "frame":"challenge",
        "show_toast":true,
        "announce_to_chat":true,
        "hidden":true
    },
    "parent":"ttp:over",
    "criteria":{
        "clear":{
            "trigger":"minecraft:player_killed_entity",
            "conditions":{
                "entity":{"type":"ender_dragon"}
            }
        }
    },
    "requirements":[["clear"]],
    "rewards":{"function":"ttp:adv/end"}
}