{
    "display":{
        "icon":{"item":"minecraft:cauldron"},
        "title":{"text":"献祭锅"},
        "description":{"text":"首先你需要炼药锅"},
        "frame":"task",
        "show_toast":true,
        "announce_to_chat":true,
        "hidden":false
    },
    "parent":"ttp:root",
    "criteria":{
        "pot":{
            "trigger":"minecraft:inventory_changed",
            "conditions":{"items":[{
                "items":["minecraft:cauldron"]
            }]}
        }
    },
    "requirements":[["pot"]]
}