{
    "display":{
        "icon":{"item":"minecraft:clock"},
        "title":{"text":"时间陷阱"},
        "description":{"text":"快节奏限时生存"},
        "frame":"task",
        "background":"minecraft:textures/gui/advancements/backgrounds/stone.png",
        "show_toast":true,
        "announce_to_chat":true,
        "hidden":true
    },
    "criteria":{
        "starts":{
            "trigger":"minecraft:impossible"
        }
    },
    "requirements":[["starts"]]
}